{
  "name": "streamhub-sdk",
  "version": "2.2.0",
  "main": [
    "./src/main.js"
  ],
  "dependencies": {
    "jquery": "~1.10.1",
    "base64": "0.1.3",
    "hogan": "latest",
    "requirejs": "~2.1.5",
    "requirejs-text": "~2.0.5",
    "requirejs-hogan-plugin": "git://github.com/millermedeiros/requirejs-hogan-plugin.git#~0.2.1",
    "requirejs-plugins": "~1.0.2",
    "stream": "git://github.com/Livefyre/stream.git#~0.1",
    "event-emitter": "git://github.com/Livefyre/event-emitter.git",
    "inherits": "git://github.com/Livefyre/inherits.git"
  },
  "devDependencies": {
    "jasmine": "*",
    "jasmine-jquery": "*",
    "almond": "~0.2.5"
  }
}
